{
    "a" : 0.268377,
    "b" : 0.196863,
    "m" : 5.76436,
    "h" : 0.082,
    "jz" : 0.350251,
    "jx" : 0.0750644,
    "jxz" : 0.00274889,
    "cf" : 0.33198,
    "cr" : 0.33198,
    "muf" : 0.602538,
    "mur" : 0.58718,
    "hrcf" : 0.03679,
    "hrcr" : 0.0327,
    "krof" : 31,
    "kror" : 31,
    "brof" : 3.3,
    "bror" : 3.3,
    "nonLinearSteer" : true,
    "steerMap" : [
                    [-1, -0.383972],
                    [-0.8, -0.301942],
                    [-0.6, -0.2199115],
                    [-0.4, -0.151844],
                    [-0.2, -0.0314159],
                    [0, 0],
                    [0.2, 0.0314159],
                    [0.4, 0.151844],
                    [0.6, 0.2199115],
                    [0.8, 0.301942],
                    [1, 0.383972]
                ],
    "maxSteer" : 0.436332,
    "crankInertia" : 1.3,
    "upshiftRPM" : 10000,
    "downshiftRPM" : -10000,
    "gearRatios" : [ 0.16666666667],
    "torqueMap" : [
                    [ -100 , 0.157 ],
                    [ 400 , 0.195 ],
                    [ 900 , 0.116 ],
                    [ 1600 , 0.0575 ]
                ],
    "lossesMap" : [
                        [  -100 ,  -0.00563 ],
                        [    400 ,   -0.0142 ],
                        [   1600 , -0.0121 ]
                ],
    "tcBool" : false,
    "maxBrakeTorque" : 4000,
    "c1" : 0,
    "c0" : 0,
    "step" : 0.001,
    "throttleMod" : true
    
}
