{
    "jw" : 0.00087,
    "rr" : 0.06,
    "r0" : 0.085,
    "pn" : 74.11455,
    "pnmax" : 259.40092,
    "cx" : 24889.215,
    "cy" : 22123.746,
    "kt" : 27654.683,
    "dx" : 35.277,
    "dy" : 33.259,
    "rdyncoPn" : 0.375,
    "rdyncoP2n" : 0.75,
    "fzRdynco" : 0,
    "rdyncoCrit" : 0,
    "dfx0Pn" : 1310.8344,
    "dfx0P2n" : 2046.2434,
    "fxmPn" : 65.56766,
    "fxmP2n" : 110.86054,
    "fxsPn" : 40.316092,
    "fxsP2n" : 74.655586,
    "sxmPn" : 0.12,
    "sxmP2n" : 0.15,
    "sxsPn" : 0.9,
    "sxsP2n" : 0.95,
    "dfy0Pn" : 520.83334,
    "dfy0P2n" : 896.14942,
    "fymPn" : 50.255713,
    "fymP2n" : 101.27839,
    "fysPn" : 45.72435,
    "fysP2n" : 92.051131,
    "symPn" : 0.38786,
    "symP2n" : 0.38786,
    "sysPn" : 0.82534,
    "sysP2n" : 0.91309,
    "step" : 0.001
    
}