{
    "a" : 0.268377,
    "b" : 0.196863,
    "m" : 5.76436,
    "h" : 0.082,
    "jz" : 0.350251,
    "jx" : 0.0750644,
    "jxz" : 0.00274889,
    "cf" : 0.33198,
    "cr" : 0.33198,
    "muf" : 0.602538,
    "mur" : 0.58718,
    "hrcf" : 0.03679,
    "hrcr" : 0.0327,
    "krof" : 31,
    "kror" : 31,
    "brof" : 3.3,
    "bror" : 3.3,
    "maxSteer" : 0.436332,
    "crankInertia" : 1.3,
    "upshiftRPM" : 10000,
    "downshiftRPM" : -10000,
    "gearRatios" : [ 0.16666666667],
    "torqueMap" : [
                    [ -100 , 0.3 ],
                    [ 0 , 0.36 ],
                    [ 1537.5 , 0 ]
                ],
    "lossesMap" : [
                        [  -100 ,  -0.065 ],
                        [    0 ,   -0.065 ],
                        [   1537.5 , 0 ]
                ],
    "tcBool" : false,
    "maxBrakeTorque" : 4000,
    "c1" : 0,
    "c0" : 0,
    "step" : 0.001,
    "throttleMod" : true
    
}
